-- INSERCION DE DATOS

-- Datos Colleges
INSERT INTO colleges (college_id, name, image_url, teachers_amount) VALUES
(1, 'Universidad de Lima', 'https://encrypted-tbn0.gstatic.com/images?q=tbn:ANd9GcTLV7QKUXe0yNPpaBBv7c2YO-w45tYVIfdKKw&s', 120),
(2, 'Universidad Autonoma Metropolitana', 'https://d1yjjnpx0p53s8.cloudfront.net/styles/logo-thumbnail/s3/012011/untitled-1_6.png?itok=kAcHD1tL', 120),
(3, 'Pontificia Universidad Cat칩lica del Per칰', 'https://encrypted-tbn0.gstatic.com/images?q=tbn:ANd9GcTxPWMnGYOZ0ZwhAzmtDxon-JMjnr3sDRkCqQ&s', 120),
(4, 'UTEC', 'https://upload.wikimedia.org/wikipedia/commons/thumb/a/a1/UTEC-Logo.jpg/960px-UTEC-Logo.jpg', 120),
(5, 'Universidad Nacional de San Agust칤n de Arequipa', 'https://xxvicongresoperuanoquimica2012.wordpress.com/wp-content/uploads/2012/07/unsa.png', 120),
(6, 'Universidad Nacional de Trujillo', 'https://encrypted-tbn0.gstatic.com/images?q=tbn:ANd9GcSo-teRUlBUWINfwycZRLFvwmxrGxVnnsrqbg&s', 120),
(7, 'Universidad Nacional Mayor de San Marcos', 'https://encrypted-tbn0.gstatic.com/images?q=tbn:ANd9GcTxf49uTNFrTn-j01GqhHYJBd0XIc5IgNKAtg&s', 120),
(8, 'Universidad ESAN', 'https://carrerasuniversitarias.pe/logos/original/logo-universidad-esan.webp', 120),
(9, 'Universidad del Pac칤fico', 'https://encrypted-tbn0.gstatic.com/images?q=tbn:ANd9GcQIC0AeNPiyXIht6eyDqTTRFL1gMNWC0GnGlQ&s', 120),
(10, 'Universidad Nacional ', 'https://dondeestudiar.pe/wp-content/uploads/2023/01/Unsaac.jpg', 120);


-- Datos Faculties
INSERT INTO faculties (faculty_id, name, college_id, teachers_amount) VALUES
(1, 'Facultad de Ingenier칤a', 1, 10),
(11, 'Facultad de Derecho', 1, 8),
(2, 'Facultad de Ciencias', 2, 28),
(12, 'Facultad de Medicina', 2, 15),
(3, 'Facultad de Humanidades', 3, 15),
(13, 'Facultad de Arquitectura', 3, 7),
(4, 'Facultad de Econom칤a y Negocios', 4, 18),
(14, 'Facultad de Ingenier칤a Ambiental', 4, 5),
(5, 'Facultad de Ciencias Sociales', 5, 14),
(15, 'Facultad de Psicolog칤a', 5, 6),
(6, 'Facultad de Ingenier칤a', 6, 20),
(16, 'Facultad de Ciencias Econ칩micas', 6, 12),
(7, 'Facultad de Ciencias', 7, 25),
(17, 'Facultad de Derecho', 7, 10),
(8, 'Facultad de Econom칤a y Negocios', 8, 22),
(18, 'Facultad de Administraci칩n', 8, 9),
(9, 'Facultad de Humanidades', 9, 17),
(19, 'Facultad de Derecho', 9, 7),
(10, 'Facultad de Ciencias Sociales', 10, 12),
(20, 'Facultad de Ingenier칤a Civil', 10, 8);



-- Datos Groups
INSERT INTO groups (group_id, name, text, image_url) VALUES
(2, 'curso', 'Elige el curso', 'assets/images/groups/curso.png'),
(4, 'Puntualidad', '쮼l profesor llega y termina a tiempo sus clases?', 'assets/images/groups/puntualidad.png'),
(5, 'Uso de recursos', '쯋tiliza materiales o recursos que apoyan el aprendizaje?', 'assets/images/groups/recursos.png'),
(6, 'Interacci칩n con estudiantes', '쮽omenta la participaci칩n y responde preguntas?', 'assets/images/groups/interaccion.png'),
(7, 'Evaluaci칩n justa', '쯃as evaluaciones son coherentes con lo ense침ado?', 'assets/images/groups/evaluacion.png'),
(8, 'Retroalimentaci칩n', '쯇roporciona comentarios 칰tiles para mejorar?', 'assets/images/groups/retroalimentacion.png'),
(9, 'Actitud profesional', '쯄antiene una actitud respetuosa y profesional?', 'assets/images/groups/actitud.png'),
(10, 'Motivaci칩n', '쯀nspira o motiva a los estudiantes a aprender?', 'assets/images/groups/motivacion.png'),
(1, 'claridad', 'En general, 쯤u칠 calificaci칩n le dar칤as al profesor?', ''),
(3, 'comentario', 'A침ade un comentario\n(opcional)', 'assets/images/groups/comentario.png');



-- Datos Labels
INSERT INTO labels (label_id, name, image_url, group_id) VALUES
(1, '游땏', '', 1),
(2, '游뗵', '', 1),
(3, '游땛', '', 1),
(4, '游', '', 1),
(5, 'Muy claro', '', 2),
(6, 'Claro', '', 2),
(7, 'Algo claro', '', 2),
(8, 'Un poco claro', '', 2),
(9, 'Entusiasta', '', 3),
(10, 'Paciente', '', 3),
(11, 'Motivador', '', 3),
(12, 'Emp치tico', '', 3),
(13, 'Muy puntual', '', 4),
(14, 'Puntual', '', 4),
(15, 'Poco puntual', '', 4),
(16, 'Impuntual', '', 4),
(17, 'Usa muchos recursos', '', 5),
(18, 'Usa algunos recursos', '', 5),
(19, 'Usa pocos recursos', '', 5),
(20, 'No usa recursos', '', 5),
(21, 'Muy participativo', '', 6),
(22, 'Participativo', '', 6),
(23, 'Poco participativo', '', 6),
(24, 'Nada participativo', '', 6),
(25, 'Muy justo', '', 7),
(26, 'Justo', '', 7),
(27, 'Poco justo', '', 7),
(28, 'Injusto', '', 7),
(29, 'Retroalimenta muy bien', '', 8),
(30, 'Retroalimenta bien', '', 8),
(31, 'Retroalimenta poco', '', 8),
(32, 'No retroalimenta', '', 8),
(33, 'Muy profesional', '', 9),
(34, 'Profesional', '', 9),
(35, 'Poco profesional', '', 9),
(36, 'Nada profesional', '', 9),
(37, 'Muy motivador', '', 10),
(38, 'Motivador', '', 10),
(39, 'Poco motivador', '', 10),
(40, 'Nada motivador', '', 10);

INSERT INTO review_labels (review_label_id, review_id, label_id) VALUES
(1, 1, 1),
(2, 1, 6),
(3, 1, 9),
(4, 2, 2),
(5, 2, 7),
(6, 2, 10),
(7, 2, 1),
(8, 3, 1),
(9, 3, 5),
(10, 3, 12),
(11, 4, 2),
(12, 4, 8),
(13, 4, 10),
(14, 4, 1),
(15, 5, 3),
(16, 5, 7),
(17, 5, 11),
(18, 5, 1),
(19, 6, 1),
(20, 6, 5),
(21, 6, 9),
(22, 7, 2),
(23, 7, 6),
(24, 7, 12),
(25, 7, 1),
(26, 8, 1),
(27, 8, 6),
(28, 8, 9),
(29, 9, 13),
(30, 9, 25),
(31, 9, 6),
(32, 9, 1),
(33, 10, 5),
(34, 10, 30),
(35, 10, 10),
(36, 10, 1),
(37, 11, 1),
(38, 11, 38),
(39, 11, 21),
(40, 12, 7),
(41, 12, 10),
(42, 12, 22),
(43, 12, 1),
(44, 13, 6),
(45, 13, 12),
(46, 13, 33),
(47, 13, 1),
(48, 14, 7),
(49, 14, 3),
(50, 14, 39),
(51, 14, 1),
(52, 15, 2),
(53, 15, 9),
(54, 15, 10),
(55, 15, 1),
(56, 16, 5),
(57, 16, 6),
(58, 16, 11),
(59, 16, 1),
(60, 17, 6),
(61, 17, 2),
(62, 17, 38),
(63, 17, 1),
(64, 18, 5),
(65, 18, 6),
(66, 18, 1),
(67, 19, 8),
(68, 19, 7),
(69, 19, 5),
(70, 19, 1),
(71, 20, 34),
(72, 20, 12),
(73, 20, 10),
(74, 20, 1),
(75, 21, 22),
(76, 21, 21),
(77, 21, 6),
(78, 21, 1),
(79, 22, 3),
(80, 22, 39),
(81, 22, 6),
(82, 22, 1),
(83, 23, 10),
(84, 23, 33),
(85, 23, 9),
(86, 23, 1);


INSERT INTO reviews (review_id, user_id, teacher_id, course_id, comment, date) VALUES
(1, 1, 1, 5, 'Muy buen profesor, explica claramente.', '2025-05-29'),
(2, 1, 1, 3, 'Le falta mejorar ejemplos pr치cticos.', '2025-05-20'),
(3, 2, 2, 4, 'Excelente dominio del tema y buena actitud.', '2025-05-21'),
(4, 3, 3, 2, 'Muy paciente, resuelve todas las dudas.', '2025-05-23'),
(5, 2, 1, 5, 'Las clases son algo mon칩tonas, pero efectivas.', '2025-05-25'),
(6, 4, 4, 1, 'Inspira mucho con su pasi칩n por ense침ar.', '2025-05-28'),
(7, 5, 2, 4, 'Utiliza muchos recursos interactivos, muy 칰til.', '2025-05-26'),
(8, 6, 5, 2, 'Explicaciones claras y material actualizado.', '2025-05-22'),
(9, 7, 6, 3, 'Muy estricto con los tiempos, pero justo.', '2025-05-19'),
(10, 8, 7, 5, 'Hace las clases din치micas y divertidas.', '2025-05-24'),
(11, 9, 8, 1, 'Domina muy bien el contenido del curso.', '2025-05-27'),
(12, 10, 9, 2, 'Las explicaciones pueden ser m치s detalladas.', '2025-05-30'),
(13, 11, 10, 4, 'Muy buena disposici칩n para ayudar.', '2025-05-18'),
(14, 12, 11, 3, 'Deber칤a usar m치s ejemplos en clase.', '2025-05-31'),
(15, 13, 12, 1, 'Muy profesional y emp치tica.', '2025-05-20'),
(16, 14, 13, 2, 'Promueve la participaci칩n en clase.', '2025-05-22'),
(17, 15, 14, 5, 'Le falta un poco de energ칤a al exponer.', '2025-05-23'),
(18, 16, 15, 4, 'Excelente trato con los estudiantes.', '2025-05-21'),
(19, 17, 16, 3, 'Muy claro y organizado.', '2025-05-25'),
(20, 18, 17, 1, 'Siempre dispuesto a resolver dudas.', '2025-05-28'),
(21, 19, 18, 2, 'Transmite bien los conocimientos.', '2025-05-30'),
(22, 20, 19, 4, 'Las evaluaciones son justas y claras.', '2025-05-26'),
(23, 21, 20, 5, 'Muy motivador y did치ctico.', '2025-05-29');



-- Datos Users
INSERT INTO users (user_id, username, email, password, college_id, image_url) VALUES
(1, 'Alvaro Mendoza', 'alvaro.mendoza@example.com', '123456', 1, 'assets/images/users/alvaro.png'),
(2, 'Paulina torres', 'paulina.torres@example.com', 'abcdef', 2, 'assets/images/users/paulina.png'),
(3, 'Diego Alvarez', 'diego.alvarez@example.com', 'qwerty', 1, 'assets/images/profileDefault.png'),
(4, 'veronicaramirez', 'veronica.ramirez@example.com', '123abc', 3, 'assets/images/profileDefault.png'),
(5, 'fernandosalazar', 'fernando.salazar@example.com', 'lopez456', 2, 'assets/images/profileDefault.png'),
(6, 'camila.lopez', 'camila.lopez@example.com', 'pass123', 3, 'assets/images/profileDefault.png'),
(7, 'mario.garcia', 'mario.garcia@example.com', 'secure456', 1, 'assets/images/profileDefault.png'),
(8, 'luciana.martinez', 'luciana.martinez@example.com', 'mypassword', 4, 'assets/images/profileDefault.png'),
(9, 'jose.luna', 'jose.luna@example.com', 'luna2025', 2, 'assets/images/profileDefault.png'),
(10, 'sofia.paredes', 'sofia.paredes@example.com', 'paredes789', 3, 'assets/images/profileDefault.png'),
(11, 'ricardo.fernandez', 'ricardo.fernandez@example.com', '12345678', 4, 'assets/images/profileDefault.png'),
(12, 'daniela.santos', 'daniela.santos@example.com', 'abcdefg', 1, 'assets/images/profileDefault.png'),
(13, 'sebastian.rios', 'sebastian.rios@example.com', 'riospass', 5, 'assets/images/profileDefault.png'),
(14, 'valentina.quispe', 'valentina.quispe@example.com', 'quispe456', 4, 'assets/images/profileDefault.png'),
(15, 'cristian.mejia', 'cristian.mejia@example.com', 'mejiapass', 3, 'assets/images/profileDefault.png'),
(16, 'mariana.flores', 'mariana.flores@example.com', 'flores123', 2, 'assets/images/profileDefault.png'),
(17, 'andres.vargas', 'andres.vargas@example.com', 'vargaspass', 1, 'assets/images/profileDefault.png'),
(18, 'laura.castro', 'laura.castro@example.com', 'castro789', 2, 'assets/images/profileDefault.png'),
(19, 'julio.reyes', 'julio.reyes@example.com', 'julio456', 4, 'assets/images/profileDefault.png'),
(20, 'martina.silva', 'martina.silva@example.com', 'silva123', 5, 'assets/images/profileDefault.png'),
(21, 'luis.cardenas', 'luis.cardenas@example.com', 'cardenaspass', 3, 'assets/images/profileDefault.png');





-- Datos Teachers
INSERT INTO teachers (teacher_id, name, image_url, college_id, ratings) VALUES
(1, 'Juan P칠rez', 'assets/images/teachers/profile.png', 1, 15),
(2, 'Mar칤a G칩mez', 'assets/images/teachers/profile2.png', 2, 12),
(3, 'Carlos S치nchez', 'assets/images/teachers/profile.png', 1, 16),
(4, 'Laura Fern치ndez', 'assets/images/teachers/profile2.png', 3, 19),
(5, 'Ana Torres', 'assets/images/teachers/profile2.png', 2, 13),
(6, 'Miguel Rodr칤guez', 'assets/images/teachers/profile.png', 1, 11),
(7, 'Sof칤a Mart칤nez', 'assets/images/teachers/profile2.png', 3, 12),
(8, 'Fiorella Capcha', 'assets/images/teachers/profile2.png', 4, 12),
(9, 'Ricardo L칩pez', 'assets/images/teachers/profile.png', 6, 10),
(10, 'Valeria R칤os', 'assets/images/teachers/profile2.png', 4, 14),
(11, 'Pedro Jim칠nez', 'assets/images/teachers/profile.png', 5, 9),
(12, 'Camila Ortega', 'assets/images/teachers/profile2.png', 7, 17),
(13, 'Luc칤a Navarro', 'assets/images/teachers/profile2.png', 6, 18),
(14, 'Andr칠s Palacios', 'assets/images/teachers/profile.png', 8, 7),
(15, 'Diana Ram칤rez', 'assets/images/teachers/profile2.png', 7, 21),
(16, 'Hugo Morales', 'assets/images/teachers/profile.png', 9, 10),
(17, 'Isabel Vega', 'assets/images/teachers/profile2.png', 10, 13),
(18, 'Samuel Aguirre', 'assets/images/teachers/profile.png', 7, 16),
(19, 'Patricia Salas', 'assets/images/teachers/profile2.png', 9, 11),
(20, 'Diego Le칩n', 'assets/images/teachers/profile.png', 8, 14);



-- Datos Teaches_colleges
INSERT INTO teachers_colleges (teacher_college_id, college_id, teacher_id) VALUES
(1, 1, 1),
(2, 2, 1),
(3, 2, 2),
(4, 3, 2),
(5, 1, 3),
(6, 4, 3),
(7, 3, 4),
(8, 5, 4),
(9, 2, 5),
(10, 6, 5),
(11, 1, 6),
(12, 7, 6),
(13, 3, 7),
(14, 8, 7),
(15, 4, 8),
(16, 6, 9),
(17, 5, 10),
(18, 4, 10),
(19, 5, 11),
(20, 7, 12),
(21, 6, 13),
(22, 8, 14),
(23, 7, 15),
(24, 9, 16),
(25, 10, 17),
(26, 7, 18),
(27, 9, 19),
(28, 8, 20),
(29, 10, 17);



INSERT INTO teacher_course (teacher_course_id, teacher_id, course_id) VALUES
(1, 1, 1),
(2, 3, 1),
(3, 6, 1),
(4, 1, 3),
(5, 3, 3),
(6, 6, 7),
(7, 1, 7),
(8, 3, 7),
(9, 2, 2),
(10, 5, 2),
(11, 2, 4),
(12, 5, 4),
(13, 2, 6),
(14, 5, 6),
(15, 4, 5),
(16, 7, 5),
(17, 4, 8),
(18, 7, 8),
(19, 8, 2),
(20, 9, 4),
(21, 10, 5),
(22, 11, 3),
(23, 12, 6),
(24, 13, 7),
(25, 14, 1),
(26, 15, 9),
(27, 16, 5),
(28, 17, 6),
(29, 18, 2),
(30, 19, 10),
(31, 20, 4),
(32, 11, 11),
(33, 12, 12),
(34, 13, 13),
(35, 14, 14),
(36, 15, 15),
(37, 16, 16),
(38, 17, 17),
(39, 18, 18),
(40, 19, 19),
(41, 20, 20),
(42, 11, 21),
(43, 12, 22),
(44, 13, 23),
(45, 14, 24),
(46, 15, 25),
(47, 16, 26),
(48, 17, 27),
(49, 18, 28),
(50, 19, 29),
(51, 20, 30);

--Datos cursos
INSERT INTO courses (course_id, name, faculty_id, teachers_amount) VALUES
(1, 'Programaci칩n I', 1, 5),
(2, '츼lgebra Lineal', 2, 3),
(3, 'Estructuras de Datos', 1, 2),
(4, 'C치lculo Diferencial', 2, 10),
(5, 'Psicolog칤a General', 3, 6),
(6, 'F칤sica I', 2, 15),
(7, 'Bases de Datos', 1, 3),
(8, 'Sociolog칤a', 3, 9),
(9, 'Microeconom칤a', 4, 4),
(10, 'Macroeconom칤a', 4, 3),
(11, 'Filosof칤a Moderna', 5, 2),
(12, 'Historia del Per칰', 5, 4),
(13, 'Inteligencia Artificial', 1, 5),
(14, 'Estad칤stica Inferencial', 2, 3),
(15, 'Psicolog칤a del Desarrollo', 3, 4),
(16, 'Contabilidad Financiera', 4, 6),
(17, 'Literatura Contempor치nea', 5, 3),
(18, 'L칩gica Computacional', 1, 4),
(19, 'Biolog칤a Celular', 2, 5),
(20, 'Comunicaci칩n Efectiva', 5, 5),
(21, 'Derecho Constitucional', 11, 7),
(22, 'Medicina General', 12, 10),
(23, 'Arquitectura Contempor치nea', 13, 4),
(24, 'Ingenier칤a Ambiental', 14, 5),
(25, 'Psicolog칤a Social', 15, 4),
(26, 'Econom칤a Aplicada', 16, 6),
(27, 'Derecho Civil', 17, 8),
(28, 'Administraci칩n de Empresas', 18, 7),
(29, 'Derecho Penal', 19, 5),
(30, 'Ingenier칤a Civil Estructural', 20, 6);
